KPI,Value,,,,,,,,,,,,,,,,,,,,,,,,,,,,
Total Sales,2297200.86,,,,,,,,,,,,,,,,,,,,,,,,,,,,
Toatl Profit,286397.0217,,,,,,,,,,,,,,,,,,,,,,,,,,,,
Toatl Quantity,37873,,,,,,,,,,,,,,,,,,,,,,,,,,,,
Average Sales,229.8580008,,,,,,,,,,,,,,,,,,,,,,,,,,,,
,,,,,,,,,,,,,,,,,,,,,,,,,,,,,
Category Analysis,,,,,,,,,,,,,,,,,,,,,,,,,,,,,
Category,Total Sales,Record Count,Average Sales,,,,,,,,,,,,,,,,,,,,,,,,,,
Furniture,741999.7953,2121,349.834887,,,,,,,,,,,,,,,,,,,,,,,,,,
Office Supplies,719047.032,6026,119.3241009,,,,,,,,,,,,,,,,,,,,,,,,,,
Technology,836154.033,1847,452.7092761,,,,,,,,,,,,,,,,,,,,,,,,,,
,,,,,,,,,,,,,,,,,,,,,,,,,,,,,
,,,,,,,,,,,,,,,,,,,,,,,,,,,,,
Key Findings,,,,,,,,,,,,,,,,,,,,,,,,,,,,,
,,,,,,,,,,,,,,,,,,,,,,,,,,,,,
"The analysis shows total sales of 2,297,200.86 and total profit of 286,397.02. Technology has the highest sales among the three categories, while Office Supplies has the lowest average sales. Among the regions, East has the highest sales and South has the lowest sales. The analysis provides useful insights into category and regional sales performance.",,,,,,,,,,,,,,,,,,,,,,,,,,,,,
